"Time of Day","Process Name","PID","Operation","Path","Result","Detail"
"9:02:00.5625552 PM","04c3fad7c843c2155a69e4a54fcc18324d1b4d366a0868550af02dfdd9186366.exe","3064","Process Start","","SUCCESS","Parent PID: 2116, Command line: ""C:\Users\akshobdhira\Desktop\04c3fad7c843c2155a69e4a54fcc18324d1b4d366a0868550af02dfdd9186366.exe"" , Current directory: C:\Users\akshobdhira\Desktop\, Environment: ;	=::=::\;	ALLUSERSPROFILE=C:\ProgramData;	APPDATA=C:\Users\akshobdhira\AppData\Roaming;	CommonProgramFiles=C:\Program Files\Common Files;	CommonProgramFiles(x86)=C:\Program Files (x86)\Common Files;	CommonProgramW6432=C:\Program Files\Common Files;	COMPUTERNAME=DESKTOP-2OEH8H0;	ComSpec=C:\Windows\system32\cmd.exe;	DriverData=C:\Windows\System32\Drivers\DriverData;	FPS_BROWSER_APP_PROFILE_STRING=Internet Explorer;	FPS_BROWSER_USER_PROFILE_STRING=Default;	HOMEDRIVE=C:;	HOMEPATH=\Users\akshobdhira;	LOCALAPPDATA=C:\Users\akshobdhira\AppData\Local;	LOGONSERVER=\\DESKTOP-2OEH8H0;	NUMBER_OF_PROCESSORS=1;	OneDrive=C:\Users\akshobdhira\OneDrive;	OS=Windows_NT;	Path=C:\Windows\system32;C:\Windows;C:\Windows\System32\Wbem;C:\Windows\System32\WindowsPowerShell\v1.0\;C:\Windows\System32\OpenSSH\;C:\Users\akshobdhira\AppData\Local\Microsoft\WindowsApps;;	PATHEXT=.COM;.EXE;.BAT;.CMD;.VBS;.VBE;.JS;.JSE;.WSF;.WSH;.MSC;	PROCESSOR_ARCHITECTURE=AMD64;	PROCESSOR_IDENTIFIER=Intel64 Family 6 Model 154 Stepping 3, GenuineIntel;	PROCESSOR_LEVEL=6;	PROCESSOR_REVISION=9a03;	ProgramData=C:\ProgramData;	ProgramFiles=C:\Program Files;	ProgramFiles(x86)=C:\Program Files (x86);	ProgramW6432=C:\Program Files;	PSModulePath=C:\Program Files\WindowsPowerShell\Modules;C:\Windows\system32\WindowsPowerShell\v1.0\Modules;	PUBLIC=C:\Users\Public;	SESSIONNAME=Console;	SystemDrive=C:;	SystemRoot=C:\Windows;	TEMP=C:\Users\AKSHOB~1\AppData\Local\Temp;	TMP=C:\Users\AKSHOB~1\AppData\Local\Temp;	USERDOMAIN=DESKTOP-2OEH8H0;	USERDOMAIN_ROAMINGPROFILE=DESKTOP-2OEH8H0;	USERNAME=akshobdhira;	USERPROFILE=C:\Users\akshobdhira;	windir=C:\Windows"
"9:02:00.5631031 PM","04c3fad7c843c2155a69e4a54fcc18324d1b4d366a0868550af02dfdd9186366.exe","3064","Thread Create","","SUCCESS","Thread ID: 2860"
"9:02:00.7257899 PM","04c3fad7c843c2155a69e4a54fcc18324d1b4d366a0868550af02dfdd9186366.exe","3064","Load Image","C:\Users\akshobdhira\Desktop\04c3fad7c843c2155a69e4a54fcc18324d1b4d366a0868550af02dfdd9186366.exe","SUCCESS","Image Base: 0x6c0000, Image Size: 0x28000"
"9:02:00.7265422 PM","04c3fad7c843c2155a69e4a54fcc18324d1b4d366a0868550af02dfdd9186366.exe","3064","Load Image","C:\Windows\System32\ntdll.dll","SUCCESS","Image Base: 0x7ffba3f90000, Image Size: 0x1f8000"
"9:02:00.7266145 PM","04c3fad7c843c2155a69e4a54fcc18324d1b4d366a0868550af02dfdd9186366.exe","3064","Load Image","C:\Windows\SysWOW64\ntdll.dll","SUCCESS","Image Base: 0x77c10000, Image Size: 0x1a4000"
"9:02:00.7270313 PM","04c3fad7c843c2155a69e4a54fcc18324d1b4d366a0868550af02dfdd9186366.exe","3064","CreateFile","C:\Windows\Prefetch\04C3FAD7C843C2155A69E4A54FCC1-383942F4.pf","SUCCESS","Desired Access: Generic Read, Disposition: Open, Options: Synchronous IO Non-Alert, Attributes: n/a, ShareMode: None, AllocationSize: n/a, OpenResult: Opened"
"9:02:00.7272829 PM","04c3fad7c843c2155a69e4a54fcc18324d1b4d366a0868550af02dfdd9186366.exe","3064","QueryEAFile","C:\Windows\Prefetch\04C3FAD7C843C2155A69E4A54FCC1-383942F4.pf","SUCCESS",""
"9:02:00.7505331 PM","04c3fad7c843c2155a69e4a54fcc18324d1b4d366a0868550af02dfdd9186366.exe","3064","QueryStandardInformationFile","C:\Windows\Prefetch\04C3FAD7C843C2155A69E4A54FCC1-383942F4.pf","SUCCESS","AllocationSize: 4,096, EndOfFile: 2,874, NumberOfLinks: 1, DeletePending: False, Directory: False"
"9:02:00.7505736 PM","04c3fad7c843c2155a69e4a54fcc18324d1b4d366a0868550af02dfdd9186366.exe","3064","ReadFile","C:\Windows\Prefetch\04C3FAD7C843C2155A69E4A54FCC1-383942F4.pf","SUCCESS","Offset: 0, Length: 2,874, Priority: Normal"
"9:02:00.7507741 PM","04c3fad7c843c2155a69e4a54fcc18324d1b4d366a0868550af02dfdd9186366.exe","3064","CloseFile","C:\Windows\Prefetch\04C3FAD7C843C2155A69E4A54FCC1-383942F4.pf","SUCCESS",""
"9:02:00.9924648 PM","04c3fad7c843c2155a69e4a54fcc18324d1b4d366a0868550af02dfdd9186366.exe","3064","RegOpenKey","HKLM\System\CurrentControlSet\Control\Session Manager","REPARSE","Desired Access: Query Value"
"9:02:00.9925056 PM","04c3fad7c843c2155a69e4a54fcc18324d1b4d366a0868550af02dfdd9186366.exe","3064","RegOpenKey","HKLM\System\CurrentControlSet\Control\Session Manager","SUCCESS","Desired Access: Query Value"
"9:02:00.9925442 PM","04c3fad7c843c2155a69e4a54fcc18324d1b4d366a0868550af02dfdd9186366.exe","3064","RegQueryValue","HKLM\System\CurrentControlSet\Control\Session Manager\RaiseExceptionOnPossibleDeadlock","NAME NOT FOUND","Length: 80"
"9:02:00.9925792 PM","04c3fad7c843c2155a69e4a54fcc18324d1b4d366a0868550af02dfdd9186366.exe","3064","RegCloseKey","HKLM\System\CurrentControlSet\Control\Session Manager","SUCCESS",""
"9:02:00.9926209 PM","04c3fad7c843c2155a69e4a54fcc18324d1b4d366a0868550af02dfdd9186366.exe","3064","RegOpenKey","HKLM\SYSTEM\CurrentControlSet\Control\Session Manager\Segment Heap","REPARSE","Desired Access: Query Value"
"9:02:00.9926415 PM","04c3fad7c843c2155a69e4a54fcc18324d1b4d366a0868550af02dfdd9186366.exe","3064","RegOpenKey","HKLM\System\CurrentControlSet\Control\Session Manager\Segment Heap","NAME NOT FOUND","Desired Access: Query Value"
"9:02:00.9928188 PM","04c3fad7c843c2155a69e4a54fcc18324d1b4d366a0868550af02dfdd9186366.exe","3064","RegOpenKey","HKLM\SYSTEM\CurrentControlSet\Control\Session Manager","REPARSE","Desired Access: Query Value, Enumerate Sub Keys"
"9:02:00.9929341 PM","04c3fad7c843c2155a69e4a54fcc18324d1b4d366a0868550af02dfdd9186366.exe","3064","RegOpenKey","HKLM\System\CurrentControlSet\Control\Session Manager","SUCCESS","Desired Access: Query Value, Enumerate Sub Keys"
"9:02:00.9929642 PM","04c3fad7c843c2155a69e4a54fcc18324d1b4d366a0868550af02dfdd9186366.exe","3064","RegQueryValue","HKLM\System\CurrentControlSet\Control\Session Manager\ResourcePolicies","NAME NOT FOUND","Length: 24"
"9:02:00.9929909 PM","04c3fad7c843c2155a69e4a54fcc18324d1b4d366a0868550af02dfdd9186366.exe","3064","RegCloseKey","HKLM\System\CurrentControlSet\Control\Session Manager","SUCCESS",""
"9:02:00.9938539 PM","04c3fad7c843c2155a69e4a54fcc18324d1b4d366a0868550af02dfdd9186366.exe","3064","CreateFile","C:\Windows","SUCCESS","Desired Access: Execute/Traverse, Synchronize, Disposition: Open, Options: Directory, Synchronous IO Non-Alert, Attributes: n/a, ShareMode: Read, Write, AllocationSize: n/a, OpenResult: Opened"
"9:02:01.0011193 PM","04c3fad7c843c2155a69e4a54fcc18324d1b4d366a0868550af02dfdd9186366.exe","3064","Process Profiling","","SUCCESS","User Time: 0.0000000 seconds, Kernel Time: 0.0000000 seconds, Private Bytes: 376,832, Working Set: 1,601,536"
"9:02:01.0276938 PM","04c3fad7c843c2155a69e4a54fcc18324d1b4d366a0868550af02dfdd9186366.exe","3064","Load Image","C:\Windows\System32\wow64.dll","SUCCESS","Image Base: 0x7ffba37a0000, Image Size: 0x59000"
"9:02:01.0280229 PM","04c3fad7c843c2155a69e4a54fcc18324d1b4d366a0868550af02dfdd9186366.exe","3064","Load Image","C:\Windows\System32\wow64win.dll","SUCCESS","Image Base: 0x7ffba3910000, Image Size: 0x83000"
"9:02:01.0285053 PM","04c3fad7c843c2155a69e4a54fcc18324d1b4d366a0868550af02dfdd9186366.exe","3064","QueryOpen","C:\Windows\System32\wow64log.dll","FAST IO DISALLOWED",""
"9:02:01.0286080 PM","04c3fad7c843c2155a69e4a54fcc18324d1b4d366a0868550af02dfdd9186366.exe","3064","CreateFile","C:\Windows\System32\wow64log.dll","NAME NOT FOUND","Desired Access: Read Attributes, Disposition: Open, Options: Open Reparse Point, Attributes: n/a, ShareMode: Read, Write, Delete, AllocationSize: n/a"
"9:02:01.0292215 PM","04c3fad7c843c2155a69e4a54fcc18324d1b4d366a0868550af02dfdd9186366.exe","3064","CreateFile","C:\Windows","SUCCESS","Desired Access: Read Attributes, Synchronize, Disposition: Open, Options: Synchronous IO Non-Alert, Attributes: n/a, ShareMode: Read, Write, Delete, AllocationSize: n/a, OpenResult: Opened"
"9:02:01.0292826 PM","04c3fad7c843c2155a69e4a54fcc18324d1b4d366a0868550af02dfdd9186366.exe","3064","QueryNameInformationFile","C:\Windows","SUCCESS","Name: \Windows"
"9:02:01.0293066 PM","04c3fad7c843c2155a69e4a54fcc18324d1b4d366a0868550af02dfdd9186366.exe","3064","CloseFile","C:\Windows","SUCCESS",""
"9:02:01.0293269 PM","04c3fad7c843c2155a69e4a54fcc18324d1b4d366a0868550af02dfdd9186366.exe","3064","IRP_MJ_CLOSE","C:\Windows","SUCCESS",""
"9:02:01.0293694 PM","04c3fad7c843c2155a69e4a54fcc18324d1b4d366a0868550af02dfdd9186366.exe","3064","RegOpenKey","HKLM\Software\Microsoft\Wow64\x86","SUCCESS","Desired Access: Read"
"9:02:01.0294182 PM","04c3fad7c843c2155a69e4a54fcc18324d1b4d366a0868550af02dfdd9186366.exe","3064","RegQueryValue","HKLM\SOFTWARE\Microsoft\Wow64\x86\04c3fad7c843c2155a69e4a54fcc18324d1b4d366a0868550af02dfdd9186366.exe","NAME NOT FOUND","Length: 520"
"9:02:01.0294526 PM","04c3fad7c843c2155a69e4a54fcc18324d1b4d366a0868550af02dfdd9186366.exe","3064","RegQueryValue","HKLM\SOFTWARE\Microsoft\Wow64\x86\(Default)","SUCCESS","Type: REG_SZ, Length: 26, Data: wow64cpu.dll"
"9:02:01.0294808 PM","04c3fad7c843c2155a69e4a54fcc18324d1b4d366a0868550af02dfdd9186366.exe","3064","RegCloseKey","HKLM\SOFTWARE\Microsoft\Wow64\x86","SUCCESS",""
"9:02:01.0296317 PM","04c3fad7c843c2155a69e4a54fcc18324d1b4d366a0868550af02dfdd9186366.exe","3064","Load Image","C:\Windows\System32\wow64cpu.dll","SUCCESS","Image Base: 0x77c00000, Image Size: 0xa000"
"9:02:01.0301995 PM","04c3fad7c843c2155a69e4a54fcc18324d1b4d366a0868550af02dfdd9186366.exe","3064","RegOpenKey","HKLM\System\CurrentControlSet\Control\Session Manager","REPARSE","Desired Access: Query Value"
"9:02:01.0302294 PM","04c3fad7c843c2155a69e4a54fcc18324d1b4d366a0868550af02dfdd9186366.exe","3064","RegOpenKey","HKLM\System\CurrentControlSet\Control\Session Manager","SUCCESS","Desired Access: Query Value"
"9:02:01.0302621 PM","04c3fad7c843c2155a69e4a54fcc18324d1b4d366a0868550af02dfdd9186366.exe","3064","RegSetInfoKey","HKLM\System\CurrentControlSet\Control\Session Manager","SUCCESS","KeySetInformationClass: KeySetHandleTagsInformation, Length: 0"
"9:02:01.0302865 PM","04c3fad7c843c2155a69e4a54fcc18324d1b4d366a0868550af02dfdd9186366.exe","3064","RegQueryValue","HKLM\System\CurrentControlSet\Control\Session Manager\RaiseExceptionOnPossibleDeadlock","NAME NOT FOUND","Length: 80"
"9:02:01.0303173 PM","04c3fad7c843c2155a69e4a54fcc18324d1b4d366a0868550af02dfdd9186366.exe","3064","RegCloseKey","HKLM\System\CurrentControlSet\Control\Session Manager","SUCCESS",""
"9:02:01.0304597 PM","04c3fad7c843c2155a69e4a54fcc18324d1b4d366a0868550af02dfdd9186366.exe","3064","RegOpenKey","HKLM\SYSTEM\CurrentControlSet\Control\Session Manager\Segment Heap","REPARSE","Desired Access: Query Value"
"9:02:01.0307225 PM","04c3fad7c843c2155a69e4a54fcc18324d1b4d366a0868550af02dfdd9186366.exe","3064","RegOpenKey","HKLM\System\CurrentControlSet\Control\Session Manager\Segment Heap","NAME NOT FOUND","Desired Access: Query Value"
"9:02:01.0309309 PM","04c3fad7c843c2155a69e4a54fcc18324d1b4d366a0868550af02dfdd9186366.exe","3064","RegOpenKey","HKLM\SYSTEM\CurrentControlSet\Control\Session Manager","REPARSE","Desired Access: Query Value, Enumerate Sub Keys"
"9:02:01.0309562 PM","04c3fad7c843c2155a69e4a54fcc18324d1b4d366a0868550af02dfdd9186366.exe","3064","RegOpenKey","HKLM\System\CurrentControlSet\Control\Session Manager","SUCCESS","Desired Access: Query Value, Enumerate Sub Keys"
"9:02:01.0309926 PM","04c3fad7c843c2155a69e4a54fcc18324d1b4d366a0868550af02dfdd9186366.exe","3064","RegSetInfoKey","HKLM\System\CurrentControlSet\Control\Session Manager","SUCCESS","KeySetInformationClass: KeySetHandleTagsInformation, Length: 0"
"9:02:01.0310137 PM","04c3fad7c843c2155a69e4a54fcc18324d1b4d366a0868550af02dfdd9186366.exe","3064","RegQueryValue","HKLM\System\CurrentControlSet\Control\Session Manager\ResourcePolicies","NAME NOT FOUND","Length: 24"
"9:02:01.0310483 PM","04c3fad7c843c2155a69e4a54fcc18324d1b4d366a0868550af02dfdd9186366.exe","3064","RegCloseKey","HKLM\System\CurrentControlSet\Control\Session Manager","SUCCESS",""
"9:02:01.0318578 PM","04c3fad7c843c2155a69e4a54fcc18324d1b4d366a0868550af02dfdd9186366.exe","3064","CreateFile","C:\Users\akshobdhira\Desktop","SUCCESS","Desired Access: Execute/Traverse, Synchronize, Disposition: Open, Options: Directory, Synchronous IO Non-Alert, Attributes: n/a, ShareMode: Read, Write, AllocationSize: n/a, OpenResult: Opened"
"9:02:01.0320573 PM","04c3fad7c843c2155a69e4a54fcc18324d1b4d366a0868550af02dfdd9186366.exe","3064","Load Image","C:\Windows\SysWOW64\kernel32.dll","SUCCESS","Image Base: 0x76340000, Image Size: 0xf0000"
"9:02:01.0323439 PM","04c3fad7c843c2155a69e4a54fcc18324d1b4d366a0868550af02dfdd9186366.exe","3064","Load Image","C:\Windows\SysWOW64\KernelBase.dll","SUCCESS","Image Base: 0x75cc0000, Image Size: 0x23a000"
"9:02:01.0340301 PM","04c3fad7c843c2155a69e4a54fcc18324d1b4d366a0868550af02dfdd9186366.exe","3064","RegOpenKey","HKLM\System\CurrentControlSet\Control\StateSeparation\RedirectionMap\Keys","REPARSE","Desired Access: Read"
"9:02:01.0340590 PM","04c3fad7c843c2155a69e4a54fcc18324d1b4d366a0868550af02dfdd9186366.exe","3064","RegOpenKey","HKLM\System\CurrentControlSet\Control\StateSeparation\RedirectionMap\Keys","NAME NOT FOUND","Desired Access: Read"
"9:02:01.0345750 PM","04c3fad7c843c2155a69e4a54fcc18324d1b4d366a0868550af02dfdd9186366.exe","3064","RegOpenKey","HKLM\System\CurrentControlSet\Control\SafeBoot\Option","REPARSE","Desired Access: Query Value, Set Value"
"9:02:01.0346020 PM","04c3fad7c843c2155a69e4a54fcc18324d1b4d366a0868550af02dfdd9186366.exe","3064","RegOpenKey","HKLM\System\CurrentControlSet\Control\SafeBoot\Option","NAME NOT FOUND","Desired Access: Query Value, Set Value"
"9:02:01.0346356 PM","04c3fad7c843c2155a69e4a54fcc18324d1b4d366a0868550af02dfdd9186366.exe","3064","RegOpenKey","HKLM\System\CurrentControlSet\Control\Srp\GP\DLL","REPARSE","Desired Access: Read"
"9:02:01.0346532 PM","04c3fad7c843c2155a69e4a54fcc18324d1b4d366a0868550af02dfdd9186366.exe","3064","RegOpenKey","HKLM\System\CurrentControlSet\Control\Srp\GP\DLL","NAME NOT FOUND","Desired Access: Read"
"9:02:01.0346882 PM","04c3fad7c843c2155a69e4a54fcc18324d1b4d366a0868550af02dfdd9186366.exe","3064","RegOpenKey","HKLM\Software\WOW6432Node\Policies\Microsoft\Windows\Safer\CodeIdentifiers","REPARSE","Desired Access: Query Value"
"9:02:01.0348213 PM","04c3fad7c843c2155a69e4a54fcc18324d1b4d366a0868550af02dfdd9186366.exe","3064","RegOpenKey","HKLM\SOFTWARE\Policies\Microsoft\Windows\Safer\CodeIdentifiers","SUCCESS","Desired Access: Query Value"
"9:02:01.0348598 PM","04c3fad7c843c2155a69e4a54fcc18324d1b4d366a0868550af02dfdd9186366.exe","3064","RegSetInfoKey","HKLM\SOFTWARE\Policies\Microsoft\Windows\safer\codeidentifiers","SUCCESS","KeySetInformationClass: KeySetHandleTagsInformation, Length: 0"
"9:02:01.0348816 PM","04c3fad7c843c2155a69e4a54fcc18324d1b4d366a0868550af02dfdd9186366.exe","3064","RegQueryValue","HKLM\SOFTWARE\Policies\Microsoft\Windows\safer\codeidentifiers\TransparentEnabled","NAME NOT FOUND","Length: 80"
"9:02:01.0349111 PM","04c3fad7c843c2155a69e4a54fcc18324d1b4d366a0868550af02dfdd9186366.exe","3064","RegCloseKey","HKLM\SOFTWARE\Policies\Microsoft\Windows\safer\codeidentifiers","SUCCESS",""
"9:02:01.0349527 PM","04c3fad7c843c2155a69e4a54fcc18324d1b4d366a0868550af02dfdd9186366.exe","3064","RegOpenKey","HKCU\Software\Policies\Microsoft\Windows\Safer\CodeIdentifiers","NAME NOT FOUND","Desired Access: Query Value"
"9:02:01.0351643 PM","04c3fad7c843c2155a69e4a54fcc18324d1b4d366a0868550af02dfdd9186366.exe","3064","RegOpenKey","HKLM\System\CurrentControlSet\Control\FileSystem\","REPARSE","Desired Access: Read"
"9:02:01.0351850 PM","04c3fad7c843c2155a69e4a54fcc18324d1b4d366a0868550af02dfdd9186366.exe","3064","RegOpenKey","HKLM\System\CurrentControlSet\Control\FileSystem","SUCCESS","Desired Access: Read"
"9:02:01.0352836 PM","04c3fad7c843c2155a69e4a54fcc18324d1b4d366a0868550af02dfdd9186366.exe","3064","RegSetInfoKey","HKLM\System\CurrentControlSet\Control\FileSystem","SUCCESS","KeySetInformationClass: KeySetHandleTagsInformation, Length: 0"
"9:02:01.0353033 PM","04c3fad7c843c2155a69e4a54fcc18324d1b4d366a0868550af02dfdd9186366.exe","3064","RegQueryValue","HKLM\System\CurrentControlSet\Control\FileSystem\LongPathsEnabled","SUCCESS","Type: REG_DWORD, Length: 4, Data: 0"
"9:02:01.0353315 PM","04c3fad7c843c2155a69e4a54fcc18324d1b4d366a0868550af02dfdd9186366.exe","3064","RegCloseKey","HKLM\System\CurrentControlSet\Control\FileSystem","SUCCESS",""
"9:02:01.0366003 PM","04c3fad7c843c2155a69e4a54fcc18324d1b4d366a0868550af02dfdd9186366.exe","3064","Thread Create","","SUCCESS","Thread ID: 5276"
"9:02:01.0367339 PM","04c3fad7c843c2155a69e4a54fcc18324d1b4d366a0868550af02dfdd9186366.exe","3064","Load Image","C:\Windows\SysWOW64\shell32.dll","SUCCESS","Image Base: 0x775d0000, Image Size: 0x5b7000"
"9:02:01.0370221 PM","04c3fad7c843c2155a69e4a54fcc18324d1b4d366a0868550af02dfdd9186366.exe","3064","Load Image","C:\Windows\SysWOW64\msvcp_win.dll","SUCCESS","Image Base: 0x770a0000, Image Size: 0x7b000"
"9:02:01.0372330 PM","04c3fad7c843c2155a69e4a54fcc18324d1b4d366a0868550af02dfdd9186366.exe","3064","Load Image","C:\Windows\SysWOW64\ucrtbase.dll","SUCCESS","Image Base: 0x75ab0000, Image Size: 0x120000"
"9:02:01.0379588 PM","04c3fad7c843c2155a69e4a54fcc18324d1b4d366a0868550af02dfdd9186366.exe","3064","Load Image","C:\Windows\SysWOW64\user32.dll","SUCCESS","Image Base: 0x76a80000, Image Size: 0x19c000"
"9:02:01.0382018 PM","04c3fad7c843c2155a69e4a54fcc18324d1b4d366a0868550af02dfdd9186366.exe","3064","Load Image","C:\Windows\SysWOW64\win32u.dll","SUCCESS","Image Base: 0x773d0000, Image Size: 0x18000"
"9:02:01.0384559 PM","04c3fad7c843c2155a69e4a54fcc18324d1b4d366a0868550af02dfdd9186366.exe","3064","Load Image","C:\Windows\SysWOW64\gdi32.dll","SUCCESS","Image Base: 0x773a0000, Image Size: 0x24000"
"9:02:01.0386753 PM","04c3fad7c843c2155a69e4a54fcc18324d1b4d366a0868550af02dfdd9186366.exe","3064","Load Image","C:\Windows\SysWOW64\gdi32full.dll","SUCCESS","Image Base: 0x76ce0000, Image Size: 0xe8000"
"9:02:01.0388952 PM","04c3fad7c843c2155a69e4a54fcc18324d1b4d366a0868550af02dfdd9186366.exe","3064","RegOpenKey","HKLM\SYSTEM\CurrentControlSet\Control\Session Manager","REPARSE","Desired Access: Query Value, Enumerate Sub Keys"
"9:02:01.0389280 PM","04c3fad7c843c2155a69e4a54fcc18324d1b4d366a0868550af02dfdd9186366.exe","3064","RegOpenKey","HKLM\System\CurrentControlSet\Control\Session Manager","SUCCESS","Desired Access: Query Value, Enumerate Sub Keys"
"9:02:01.0389604 PM","04c3fad7c843c2155a69e4a54fcc18324d1b4d366a0868550af02dfdd9186366.exe","3064","RegSetInfoKey","HKLM\System\CurrentControlSet\Control\Session Manager","SUCCESS","KeySetInformationClass: KeySetHandleTagsInformation, Length: 0"
"9:02:01.0389807 PM","04c3fad7c843c2155a69e4a54fcc18324d1b4d366a0868550af02dfdd9186366.exe","3064","RegQueryValue","HKLM\System\CurrentControlSet\Control\Session Manager\ResourcePolicies","NAME NOT FOUND","Length: 24"
"9:02:01.0390136 PM","04c3fad7c843c2155a69e4a54fcc18324d1b4d366a0868550af02dfdd9186366.exe","3064","RegCloseKey","HKLM\System\CurrentControlSet\Control\Session Manager","SUCCESS",""
"9:02:01.0394520 PM","04c3fad7c843c2155a69e4a54fcc18324d1b4d366a0868550af02dfdd9186366.exe","3064","RegOpenKey","HKLM\System\CurrentControlSet\Control\Session Manager","REPARSE","Desired Access: Query Value"
"9:02:01.0394883 PM","04c3fad7c843c2155a69e4a54fcc18324d1b4d366a0868550af02dfdd9186366.exe","3064","RegOpenKey","HKLM\System\CurrentControlSet\Control\Session Manager","SUCCESS","Desired Access: Query Value"
"9:02:01.0395238 PM","04c3fad7c843c2155a69e4a54fcc18324d1b4d366a0868550af02dfdd9186366.exe","3064","RegSetInfoKey","HKLM\System\CurrentControlSet\Control\Session Manager","SUCCESS","KeySetInformationClass: KeySetHandleTagsInformation, Length: 0"
"9:02:01.0395445 PM","04c3fad7c843c2155a69e4a54fcc18324d1b4d366a0868550af02dfdd9186366.exe","3064","RegQueryValue","HKLM\System\CurrentControlSet\Control\Session Manager\SafeDllSearchMode","NAME NOT FOUND","Length: 16"
"9:02:01.0397826 PM","04c3fad7c843c2155a69e4a54fcc18324d1b4d366a0868550af02dfdd9186366.exe","3064","QueryOpen","C:\Users\akshobdhira\Desktop\jxbrowser-chromium-lib.dll","FAST IO DISALLOWED",""
"9:02:01.0398803 PM","04c3fad7c843c2155a69e4a54fcc18324d1b4d366a0868550af02dfdd9186366.exe","3064","CreateFile","C:\Users\akshobdhira\Desktop\jxbrowser-chromium-lib.dll","NAME NOT FOUND","Desired Access: Read Attributes, Disposition: Open, Options: Open Reparse Point, Attributes: n/a, ShareMode: Read, Write, Delete, AllocationSize: n/a"
"9:02:01.0400352 PM","04c3fad7c843c2155a69e4a54fcc18324d1b4d366a0868550af02dfdd9186366.exe","3064","QueryOpen","C:\Windows\SysWOW64\jxbrowser-chromium-lib.dll","FAST IO DISALLOWED",""
"9:02:01.0401228 PM","04c3fad7c843c2155a69e4a54fcc18324d1b4d366a0868550af02dfdd9186366.exe","3064","CreateFile","C:\Windows\SysWOW64\jxbrowser-chromium-lib.dll","NAME NOT FOUND","Desired Access: Read Attributes, Disposition: Open, Options: Open Reparse Point, Attributes: n/a, ShareMode: Read, Write, Delete, AllocationSize: n/a"
"9:02:01.0403080 PM","04c3fad7c843c2155a69e4a54fcc18324d1b4d366a0868550af02dfdd9186366.exe","3064","QueryOpen","C:\Windows\System\jxbrowser-chromium-lib.dll","FAST IO DISALLOWED",""
"9:02:01.0403889 PM","04c3fad7c843c2155a69e4a54fcc18324d1b4d366a0868550af02dfdd9186366.exe","3064","CreateFile","C:\Windows\System\jxbrowser-chromium-lib.dll","NAME NOT FOUND","Desired Access: Read Attributes, Disposition: Open, Options: Open Reparse Point, Attributes: n/a, ShareMode: Read, Write, Delete, AllocationSize: n/a"
"9:02:01.0405033 PM","04c3fad7c843c2155a69e4a54fcc18324d1b4d366a0868550af02dfdd9186366.exe","3064","QueryOpen","C:\Windows\jxbrowser-chromium-lib.dll","FAST IO DISALLOWED",""
"9:02:01.0405853 PM","04c3fad7c843c2155a69e4a54fcc18324d1b4d366a0868550af02dfdd9186366.exe","3064","CreateFile","C:\Windows\jxbrowser-chromium-lib.dll","NAME NOT FOUND","Desired Access: Read Attributes, Disposition: Open, Options: Open Reparse Point, Attributes: n/a, ShareMode: Read, Write, Delete, AllocationSize: n/a"
"9:02:01.0406992 PM","04c3fad7c843c2155a69e4a54fcc18324d1b4d366a0868550af02dfdd9186366.exe","3064","QueryOpen","C:\Users\akshobdhira\Desktop\jxbrowser-chromium-lib.dll","FAST IO DISALLOWED",""
"9:02:01.0407811 PM","04c3fad7c843c2155a69e4a54fcc18324d1b4d366a0868550af02dfdd9186366.exe","3064","CreateFile","C:\Users\akshobdhira\Desktop\jxbrowser-chromium-lib.dll","NAME NOT FOUND","Desired Access: Read Attributes, Disposition: Open, Options: Open Reparse Point, Attributes: n/a, ShareMode: Read, Write, Delete, AllocationSize: n/a"
"9:02:01.0408913 PM","04c3fad7c843c2155a69e4a54fcc18324d1b4d366a0868550af02dfdd9186366.exe","3064","QueryOpen","C:\Windows\SysWOW64\jxbrowser-chromium-lib.dll","FAST IO DISALLOWED",""
"9:02:01.0411886 PM","04c3fad7c843c2155a69e4a54fcc18324d1b4d366a0868550af02dfdd9186366.exe","3064","CreateFile","C:\Windows\SysWOW64\jxbrowser-chromium-lib.dll","NAME NOT FOUND","Desired Access: Read Attributes, Disposition: Open, Options: Open Reparse Point, Attributes: n/a, ShareMode: Read, Write, Delete, AllocationSize: n/a"
"9:02:01.0413857 PM","04c3fad7c843c2155a69e4a54fcc18324d1b4d366a0868550af02dfdd9186366.exe","3064","QueryOpen","C:\Windows\jxbrowser-chromium-lib.dll","FAST IO DISALLOWED",""
"9:02:01.0414758 PM","04c3fad7c843c2155a69e4a54fcc18324d1b4d366a0868550af02dfdd9186366.exe","3064","CreateFile","C:\Windows\jxbrowser-chromium-lib.dll","NAME NOT FOUND","Desired Access: Read Attributes, Disposition: Open, Options: Open Reparse Point, Attributes: n/a, ShareMode: Read, Write, Delete, AllocationSize: n/a"
"9:02:01.0416738 PM","04c3fad7c843c2155a69e4a54fcc18324d1b4d366a0868550af02dfdd9186366.exe","3064","IRP_MJ_CLOSE","C:","SUCCESS",""
"9:02:01.0417446 PM","04c3fad7c843c2155a69e4a54fcc18324d1b4d366a0868550af02dfdd9186366.exe","3064","QueryOpen","C:\Windows\SysWOW64\wbem\jxbrowser-chromium-lib.dll","FAST IO DISALLOWED",""
"9:02:01.0418086 PM","04c3fad7c843c2155a69e4a54fcc18324d1b4d366a0868550af02dfdd9186366.exe","3064","IRP_MJ_CLOSE","C:","SUCCESS",""
"9:02:01.0418634 PM","04c3fad7c843c2155a69e4a54fcc18324d1b4d366a0868550af02dfdd9186366.exe","3064","CreateFile","C:\Windows\SysWOW64\wbem\jxbrowser-chromium-lib.dll","NAME NOT FOUND","Desired Access: Read Attributes, Disposition: Open, Options: Open Reparse Point, Attributes: n/a, ShareMode: Read, Write, Delete, AllocationSize: n/a"
"9:02:01.0421008 PM","04c3fad7c843c2155a69e4a54fcc18324d1b4d366a0868550af02dfdd9186366.exe","3064","QueryOpen","C:\Windows\SysWOW64\WindowsPowerShell\v1.0\jxbrowser-chromium-lib.dll","FAST IO DISALLOWED",""
"9:02:01.0421964 PM","04c3fad7c843c2155a69e4a54fcc18324d1b4d366a0868550af02dfdd9186366.exe","3064","CreateFile","C:\Windows\SysWOW64\WindowsPowerShell\v1.0\jxbrowser-chromium-lib.dll","NAME NOT FOUND","Desired Access: Read Attributes, Disposition: Open, Options: Open Reparse Point, Attributes: n/a, ShareMode: Read, Write, Delete, AllocationSize: n/a"
"9:02:01.0423647 PM","04c3fad7c843c2155a69e4a54fcc18324d1b4d366a0868550af02dfdd9186366.exe","3064","QueryOpen","C:\Windows\SysWOW64\OpenSSH\jxbrowser-chromium-lib.dll","FAST IO DISALLOWED",""
"9:02:01.0429155 PM","04c3fad7c843c2155a69e4a54fcc18324d1b4d366a0868550af02dfdd9186366.exe","3064","CreateFile","C:\Windows\SysWOW64\OpenSSH\jxbrowser-chromium-lib.dll","PATH NOT FOUND","Desired Access: Read Attributes, Disposition: Open, Options: Open Reparse Point, Attributes: n/a, ShareMode: Read, Write, Delete, AllocationSize: n/a"
"9:02:01.0430521 PM","04c3fad7c843c2155a69e4a54fcc18324d1b4d366a0868550af02dfdd9186366.exe","3064","IRP_MJ_CLOSE","C:","SUCCESS",""
"9:02:01.0431176 PM","04c3fad7c843c2155a69e4a54fcc18324d1b4d366a0868550af02dfdd9186366.exe","3064","QueryOpen","C:\Users\akshobdhira\AppData\Local\Microsoft\WindowsApps\jxbrowser-chromium-lib.dll","FAST IO DISALLOWED",""
"9:02:01.0432452 PM","04c3fad7c843c2155a69e4a54fcc18324d1b4d366a0868550af02dfdd9186366.exe","3064","IRP_MJ_CLOSE","C:","SUCCESS",""
"9:02:01.0433052 PM","04c3fad7c843c2155a69e4a54fcc18324d1b4d366a0868550af02dfdd9186366.exe","3064","CreateFile","C:\Users\akshobdhira\AppData\Local\Microsoft\WindowsApps\jxbrowser-chromium-lib.dll","NAME NOT FOUND","Desired Access: Read Attributes, Disposition: Open, Options: Open Reparse Point, Attributes: n/a, ShareMode: Read, Write, Delete, AllocationSize: n/a"
"9:02:02.2578950 PM","04c3fad7c843c2155a69e4a54fcc18324d1b4d366a0868550af02dfdd9186366.exe","3064","Process Profiling","","SUCCESS","User Time: 0.0000000 seconds, Kernel Time: 0.0156250 seconds, Private Bytes: 815,104, Working Set: 3,477,504"
"9:02:03.0658481 PM","04c3fad7c843c2155a69e4a54fcc18324d1b4d366a0868550af02dfdd9186366.exe","3064","Process Profiling","","SUCCESS","User Time: 0.0000000 seconds, Kernel Time: 0.0156250 seconds, Private Bytes: 815,104, Working Set: 3,477,504"
"9:02:04.1311858 PM","04c3fad7c843c2155a69e4a54fcc18324d1b4d366a0868550af02dfdd9186366.exe","3064","Process Profiling","","SUCCESS","User Time: 0.0000000 seconds, Kernel Time: 0.0156250 seconds, Private Bytes: 815,104, Working Set: 3,477,504"
"9:02:05.5780343 PM","04c3fad7c843c2155a69e4a54fcc18324d1b4d366a0868550af02dfdd9186366.exe","3064","Process Profiling","","SUCCESS","User Time: 0.0000000 seconds, Kernel Time: 0.0156250 seconds, Private Bytes: 815,104, Working Set: 3,477,504"
"9:02:06.0670495 PM","04c3fad7c843c2155a69e4a54fcc18324d1b4d366a0868550af02dfdd9186366.exe","3064","Process Profiling","","SUCCESS","User Time: 0.0000000 seconds, Kernel Time: 0.0156250 seconds, Private Bytes: 815,104, Working Set: 3,477,504"
"9:02:07.0180130 PM","04c3fad7c843c2155a69e4a54fcc18324d1b4d366a0868550af02dfdd9186366.exe","3064","Process Profiling","","SUCCESS","User Time: 0.0000000 seconds, Kernel Time: 0.0156250 seconds, Private Bytes: 815,104, Working Set: 3,477,504"
"9:02:08.0098815 PM","04c3fad7c843c2155a69e4a54fcc18324d1b4d366a0868550af02dfdd9186366.exe","3064","Process Profiling","","SUCCESS","User Time: 0.0000000 seconds, Kernel Time: 0.0156250 seconds, Private Bytes: 815,104, Working Set: 3,477,504"
"9:02:08.4010025 PM","04c3fad7c843c2155a69e4a54fcc18324d1b4d366a0868550af02dfdd9186366.exe","3064","Thread Exit","","SUCCESS","Thread ID: 2860, User Time: 0.0000000, Kernel Time: 0.0156250"
"9:02:08.8061228 PM","04c3fad7c843c2155a69e4a54fcc18324d1b4d366a0868550af02dfdd9186366.exe","3064","Thread Exit","","SUCCESS","Thread ID: 5276, User Time: 0.0000000, Kernel Time: 0.0000000"
"9:02:08.8069115 PM","04c3fad7c843c2155a69e4a54fcc18324d1b4d366a0868550af02dfdd9186366.exe","3064","Process Exit","","SUCCESS","Exit Status: -1073741515, User Time: 0.0000000 seconds, Kernel Time: 0.0156250 seconds, Private Bytes: 815,104, Peak Private Bytes: 815,104, Working Set: 3,489,792, Peak Working Set: 3,493,888"
"9:02:11.2631118 PM","04c3fad7c843c2155a69e4a54fcc18324d1b4d366a0868550af02dfdd9186366.exe","3064","Process Profiling","","SUCCESS","User Time: 0.0000000 seconds, Kernel Time: 0.0156250 seconds, Private Bytes: 815,104, Working Set: 3,473,408"
"9:02:11.2649591 PM","04c3fad7c843c2155a69e4a54fcc18324d1b4d366a0868550af02dfdd9186366.exe","3064","Process Profiling","","SUCCESS","User Time: 0.0000000 seconds, Kernel Time: 0.0156250 seconds, Private Bytes: 815,104, Working Set: 3,473,408"
"9:02:11.2763229 PM","04c3fad7c843c2155a69e4a54fcc18324d1b4d366a0868550af02dfdd9186366.exe","3064","RegOpenKey","HKLM\System\CurrentControlSet\Services\bam\State\UserSettings\S-1-5-21-1422080021-3904325168-2922479730-1001","SUCCESS","Desired Access: All Access"
"9:02:11.2763571 PM","04c3fad7c843c2155a69e4a54fcc18324d1b4d366a0868550af02dfdd9186366.exe","3064","RegQueryValue","HKLM\System\CurrentControlSet\Services\bam\State\UserSettings\S-1-5-21-1422080021-3904325168-2922479730-1001\\Device\HarddiskVolume3\Users\akshobdhira\Desktop\04c3fad7c843c2155a69e4a54fcc18324d1b4d366a0868550af02dfdd9186366.exe","NAME NOT FOUND","Length: 40"
"9:02:11.2763930 PM","04c3fad7c843c2155a69e4a54fcc18324d1b4d366a0868550af02dfdd9186366.exe","3064","RegCloseKey","HKLM\System\CurrentControlSet\Services\bam\State\UserSettings\S-1-5-21-1422080021-3904325168-2922479730-1001","SUCCESS",""
"9:02:11.2765074 PM","04c3fad7c843c2155a69e4a54fcc18324d1b4d366a0868550af02dfdd9186366.exe","3064","CloseFile","C:\Windows","SUCCESS",""
"9:02:11.2765464 PM","04c3fad7c843c2155a69e4a54fcc18324d1b4d366a0868550af02dfdd9186366.exe","3064","IRP_MJ_CLOSE","C:\Windows","SUCCESS",""
"9:02:11.2766154 PM","04c3fad7c843c2155a69e4a54fcc18324d1b4d366a0868550af02dfdd9186366.exe","3064","CloseFile","C:\Users\akshobdhira\Desktop","SUCCESS",""
"9:02:11.2766305 PM","04c3fad7c843c2155a69e4a54fcc18324d1b4d366a0868550af02dfdd9186366.exe","3064","IRP_MJ_CLOSE","C:\Users\akshobdhira\Desktop","SUCCESS",""
"9:02:11.4401335 PM","04c3fad7c843c2155a69e4a54fcc18324d1b4d366a0868550af02dfdd9186366.exe","3064","RegCloseKey","HKLM\System\CurrentControlSet\Control\Session Manager","SUCCESS",""
"9:02:11.4410276 PM","04c3fad7c843c2155a69e4a54fcc18324d1b4d366a0868550af02dfdd9186366.exe","3064","IRP_MJ_CLOSE","C:\Users\akshobdhira\Desktop\04c3fad7c843c2155a69e4a54fcc18324d1b4d366a0868550af02dfdd9186366.exe","SUCCESS",""
